roll_no,name,section,password,email,gender,contact,dob,address
2111cs030091,Aarav Gupta,data science,Aarav123,2111cs030091@mallareddyuniversity.ac.in,Male,9837461520,14-11-2003,"Plot No. 123, Jubilee Hills, Hyderabad, India"
2111cs030092,Aishwarya Joshi,data science,Aishwarya123,2111cs030092@mallareddyuniversity.ac.in,Female,7561892743,26-06-2004,"Plot No. 456, Banjara Hills, Hyderabad, India"
2111cs030093,Rishitha,data science,Rishitha123,2111cs030093@mallareddyuniversity.ac.in,Female,8675309125,02-03-2002,"Plot No. 789, Hitech City, Hyderabad, India"
2111cs030094,Amit Mehra,data science,Amit123,2111cs030094@mallareddyuniversity.ac.in,Male,9246178530,18-09-2003,"Plot No. 321, Gachibowli, Hyderabad, India"
2111cs030095,Ananya Pandey,data science,Ananya123,2111cs030095@mallareddyuniversity.ac.in,Female,7102938654,31-05-2004,"Plot No. 654, Kondapur, Hyderabad, India"
2111cs030096,Bharat,data science,Bharat123,2111cs030096@mallareddyuniversity.ac.in,Male,8092753614,07-08-2002,"Plot No. 987, Madhapur, Hyderabad, India"
2111cs030097,Arjun Rao,data science,Arjun123,2111cs030097@mallareddyuniversity.ac.in,Male,6351892740,23-12-2003,"Plot No. 147, Ameerpet, Hyderabad, India"
2111cs030098,Divya Sharma,data science,Divya123,2111cs030098@mallareddyuniversity.ac.in,Female,9764208315,10-02-2002,"Plot No. 258, Miyapur, Hyderabad, India"
2111cs030099,Sai daragani,data science,Sai123,2111cs030099@mallareddyuniversity.ac.in,Male,8410569372,29-07-2004,"Plot No. 369, Kukatpally, Hyderabad, India"
2111cs030100,Isha Verma,data science,Isha123,2111cs030100@mallareddyuniversity.ac.in,Female,7321596840,05-04-2003,"Plot No. 852, Begumpet, Hyderabad, India"
2111cs030101,Ravi Gupta,data science,Ravi123,2111cs030101@mallareddyuniversity.ac.in,Male,8154739062,19-10-2004,"Plot No. 963, Jubilee Hills, Hyderabad, India"
2111cs030102,Deepika Joshi,data science,Deepika123,2111cs030102@mallareddyuniversity.ac.in,Female,6948015723,30-01-2002,"Plot No. 741, Banjara Hills, Hyderabad, India"
2111cs030103,Rahul Kumar,data science,Rahul123,2111cs030103@mallareddyuniversity.ac.in,Male,9274615038,16-08-2003,"Plot No. 852, Hitech City, Hyderabad, India"
2111cs030104,Sai reddy,data science,Sai123,2111cs030104@mallareddyuniversity.ac.in,Male,6873059241,28-03-2004,"Plot No. 147, Gachibowli, Hyderabad, India"
2111cs030105,Saisaketh,data science,Saisaketh123,2111cs030105@mallareddyuniversity.ac.in,Male,9127643508,04-09-2002,"Plot No. 369, Kondapur, Hyderabad, India"
2111cs030106,Gowtham,data science,Gowtham123,2111cs030106@mallareddyuniversity.ac.in,Male,7436192085,20-01-2003,"Plot No. 258, Madhapur, Hyderabad, India"
2111cs030107,Suman Rao,data science,Suman123,2111cs030107@mallareddyuniversity.ac.in,Female,8563941702,09-07-2004,"Plot No. 654, Ameerpet, Hyderabad, India"
2111cs030108,Sanjay Sharma,data science,Sanjay123,2111cs030108@mallareddyuniversity.ac.in,Male,9316784250,15-05-2002,"Plot No. 852, Miyapur, Hyderabad, India"
2111cs030109,Rajesh Singh,data science,Rajesh123,2111cs030109@mallareddyuniversity.ac.in,Male,6785143029,27-12-2003,"Plot No. 741, Kukatpally, Hyderabad, India"
2111cs030110,Kavita Verma,data science,Kavita123,2111cs030110@mallareddyuniversity.ac.in,Female,9047258361,13-11-2004,"Plot No. 963, Begumpet, Hyderabad, India"
2111cs030111,Aditya Gupta,data science,Aditya123,2111cs030111@mallareddyuniversity.ac.in,Male,5276839401,25-06-2002,"Plot No. 963, Mehdipatnam, Hyderabad, India"
2111cs030112,Smita Joshi,data science,Smita123,2111cs030112@mallareddyuniversity.ac.in,Female,7695104328,01-03-2003,"Plot No. 852, Nampally, Hyderabad, India"
2111cs030113,Satwika,data science,Satwika123,2111cs030113@mallareddyuniversity.ac.in,Female,8429607315,17-09-2004,"Plot No. 741, Charminar, Hyderabad, India"
2111cs030114,Nisha Mehra,data science,Nisha123,2111cs030114@mallareddyuniversity.ac.in,Female,5938472610,30-05-2002,"Plot No. 369, Secunderabad, Hyderabad, India"
2111cs030115,Manish Pandey,data science,Manish123,2111cs030115@mallareddyuniversity.ac.in,Male,4079321586,06-08-2003,"Plot No. 258, Habsiguda, Hyderabad, India"
2111cs030116,Priya Patel,data science,Priya123,2111cs030116@mallareddyuniversity.ac.in,Female,9257083461,22-12-2004,"Plot No. 654, Uppal, Hyderabad, India"
2111cs030117,Sujata Rao,data science,Sujata123,2111cs030117@mallareddyuniversity.ac.in,Female,6702839514,09-02-2002,"Plot No. 963, Dilsukhnagar, Hyderabad, India"
2111cs030118,Rajat Sharma,data science,Rajat123,2111cs030118@mallareddyuniversity.ac.in,Male,8319476052,28-07-2003,"Plot No. 741, Malakpet, Hyderabad, India"
2111cs030119,Pooja Singh,data science,Pooja123,2111cs030119@mallareddyuniversity.ac.in,Female,5792083461,03-04-2004,"Plot No. 852, Tarnaka, Hyderabad, India"
2111cs030120,Shivasai Chandra,data science,Shivasai123,2111cs030120@mallareddyuniversity.ac.in,Male,7631852094,19-10-2002,"Plot No. 147, Kompally, Hyderabad, India"
2111cs030121,Shivam singh,data science,Shivam123,2111cs030121@mallareddyuniversity.ac.in,Male,9247350168,31-01-2003,"Plot No. 369, Shamirpet, Hyderabad, India"
2111cs030122,Swati Joshi,data science,Swati123,2111cs030122@mallareddyuniversity.ac.in,Female,6854139027,17-08-2004,"Plot No. 963, Ghatkesar, Hyderabad, India"
2111cs030123,Shivas ,data science,Shivas123,2111cs030123@mallareddyuniversity.ac.in,Male,9072361854,26-03-2002,"Plot No. 741, Boduppal, Hyderabad, India"
2111cs030124,Ritu Mehra,data science,Ritu123,2111cs030124@mallareddyuniversity.ac.in,Female,6315972840,11-09-2003,"Plot No. 852, Lingampally, Hyderabad, India"
2111cs030125,Shubham Pandey,data science,Shubham123,2111cs030125@mallareddyuniversity.ac.in,Male,8792106435,23-05-2004,"Plot No. 258, Manikonda, Hyderabad, India"
2111cs030126,Jaya Patel,data science,Jaya123,2111cs030126@mallareddyuniversity.ac.in,Female,5467109283,13-11-2004,"Plot No. 654, Bachupally, Hyderabad, India"
2111cs030127,Kiran Sharma,data science,Kiran123,2111cs030127@mallareddyuniversity.ac.in,Male,9082476351,25-06-2002,"Plot No. 963, Patancheru, Hyderabad, India"
2111cs030128,Sushma Singh,data science,Sushma123,2111cs030128@mallareddyuniversity.ac.in,Female,6579482130,01-03-2003,"Plot No. 741, Kothapet, Hyderabad, India"
2111cs030129,Vijay Verma,data science,Vijay123,2111cs030129@mallareddyuniversity.ac.in,Male,9315604782,17-09-2004,"Plot No. 852, Attapur, Hyderabad, India"
2111cs030130,Vishal Gupta,data science,Vishal123,2111cs030130@mallareddyuniversity.ac.in,Male,7642150398,30-05-2002,"Plot No. 147, Sainikpuri, Hyderabad, India"
2111cs030131,Kathik,data science,Kathik123,2111cs030131@mallareddyuniversity.ac.in,Male,8492365710,06-08-2003,"Plot No. 369, Uppal, Hyderabad, India"
2111cs030132,Srinivas goud,data science,Srinivas123,2111cs030132@mallareddyuniversity.ac.in,Male,5389172064,22-12-2004,"Plot No. 963, Nizampet, Hyderabad, India"
2111cs030133,Suresh Choudhary,data science,Suresh123,2111cs030133@mallareddyuniversity.ac.in,Male,7093285614,09-02-2002,"Plot No. 741, Miyapur, Hyderabad, India"
2111cs030134,P.Suresh ,data science,P.Suresh123,2111cs030134@mallareddyuniversity.ac.in,Male,8761954320,28-07-2003,"Plot No. 852, Kompally, Hyderabad, India"
2111cs030135,Nidhi Patel,data science,Nidhi123,2111cs030135@mallareddyuniversity.ac.in,Female,9142078536,03-04-2004,"Plot No. 258, Gachibowli, Hyderabad, India"
2111cs030136,Harish Rao,data science,Harish123,2111cs030136@mallareddyuniversity.ac.in,Male,6058132794,19-10-2002,"Plot No. 654, Banjara Hills, Hyderabad, India"
2111cs030137,Rekha Sharma,data science,Rekha123,2111cs030137@mallareddyuniversity.ac.in,Female,8354912670,31-01-2003,"Plot No. 963, Jubilee Hills, Hyderabad, India"
2111cs030138,Meenu Singh,data science,Meenu123,2111cs030138@mallareddyuniversity.ac.in,Female,9827504136,17-08-2004,"Plot No. 741, Ameerpet, Hyderabad, India"
2111cs030139,Rajeev Verma,data science,Rajeev123,2111cs030139@mallareddyuniversity.ac.in,Male,7164290835,26-03-2002,"Plot No. 852, Madhapur, Hyderabad, India"
2111cs030140,Anita Gupta,data science,Anita123,2111cs030140@mallareddyuniversity.ac.in,Female,8435671920,11-09-2003,"Plot No. 147, Hitech City, Hyderabad, India"
2111cs030141,Tejasri,data science,Tejasri123,2111cs030141@mallareddyuniversity.ac.in,Female,5974283106,23-05-2004,"Plot No. 369, Kondapur, Hyderabad, India"
2111cs030142,Rani Kumar,data science,Rani123,2111cs030142@mallareddyuniversity.ac.in,Female,8246735109,29-01-2002,"Plot No. 963, Begumpet, Hyderabad, India"
2111cs030143,Kunal Mehra,data science,Kunal123,2111cs030143@mallareddyuniversity.ac.in,Male,6731958204,14-08-2003,"Plot No. 741, Miyapur, Hyderabad, India"
2111cs030144,Mona Pandey,data science,Mona123,2111cs030144@mallareddyuniversity.ac.in,Female,9084573621,27-03-2004,"Plot No. 852, Gachibowli, Hyderabad, India"
2111cs030145,Kunal Patel,data science,Kunal123,2111cs030145@mallareddyuniversity.ac.in,Male,7421830596,02-09-2002,"Plot No. 258, Banjara Hills, Hyderabad, India"
2111cs030146,Vivek Rao,data science,Vivek123,2111cs030146@mallareddyuniversity.ac.in,Male,8690475213,18-01-2003,"Plot No. 654, Jubilee Hills, Hyderabad,India"
2111cs030147,Preeti Sharma,data science,Preeti123,2111cs030147@mallareddyuniversity.ac.in,Female,9237514608,10-07-2004,"Plot No. 123, Jubilee Hills, Hyderabad, India"
2111cs030148,Arun Singh,data science,Arun123,2111cs030148@mallareddyuniversity.ac.in,Male,6354107928,16-05-2002,"Plot No. 456, Banjara Hills, Hyderabad, India"
2111cs030149,Rashmi Verma,data science,Rashmi123,2111cs030149@mallareddyuniversity.ac.in,Female,8179064352,31-12-2003,"Plot No. 789, Hitech City, Hyderabad, India"
2111cs030150,Rajendra Gupta,data science,Rajendra123,2111cs030150@mallareddyuniversity.ac.in,Male,7596213804,13-11-2004,"Plot No. 234, Gachibowli, Hyderabad, India"
2111cs030151,Seema Joshi,data science,Seema123,2111cs030151@mallareddyuniversity.ac.in,Female,9458263710,24-06-2002,"Plot No. 567, Kondapur, Hyderabad, India"
2111cs030152,Shalini Kumar,data science,Shalini123,2111cs030152@mallareddyuniversity.ac.in,Female,6109478253,07-03-2003,"Plot No. 890, Madhapur, Hyderabad, India"
2111cs030153,Rajesh Mehra,data science,Rajesh123,2111cs030153@mallareddyuniversity.ac.in,Male,8297531460,23-09-2004,"Plot No. 123, Ameerpet, Hyderabad, India"
2111cs030154,Sudhir Pandey,data science,Sudhir123,2111cs030154@mallareddyuniversity.ac.in,Male,6834127950,05-05-2002,"Plot No. 456, Miyapur, Hyderabad, India"
2111cs030155,Sapna Patel,data science,Sapna123,2111cs030155@mallareddyuniversity.ac.in,Female,9745382016,21-12-2003,"Plot No. 789, Kukatpally, Hyderabad, India"
2111cs030156,Neha Rao,data science,Neha123,2111cs030156@mallareddyuniversity.ac.in,Female,5392018674,10-02-2004,"Plot No. 234, Begumpet, Hyderabad, India"
2111cs030157,Ashish Sharma,data science,Ashish123,2111cs030157@mallareddyuniversity.ac.in,Male,7916354028,10-02-2003,"Plot No. 567, Mehdipatnam, Hyderabad, India"
2111cs030158,Geeta Singh,data science,Geeta123,2111cs030158@mallareddyuniversity.ac.in,Female,8629510473,25-08-2003,"Plot No. 890, Nampally, Hyderabad, India"
2111cs030159,Alok Verma,data science,Alok123,2111cs030159@mallareddyuniversity.ac.in,Male,6154892073,07-04-2003,"Plot No. 123, Charminar, Hyderabad, India"
2111cs030160,Sonia Gupta,data science,Sonia123,2111cs030160@mallareddyuniversity.ac.in,Female,8236541097,15-12-2003,"Plot No. 456, Secunderabad, Hyderabad, India"
2111cs030161,Rohini Joshi,data science,Rohini123,2111cs030161@mallareddyuniversity.ac.in,Female,9540726381,18-06-2003,"Plot No. 789, Habsiguda, Hyderabad, India"
2111cs030162,Santosh Kumar,data science,Santosh123,2111cs030162@mallareddyuniversity.ac.in,Male,7293180564,21-02-2003,"Plot No. 234, Uppal, Hyderabad, India"
2111cs030163,Sonam Mehra,data science,Sonam123,2111cs030163@mallareddyuniversity.ac.in,Female,8402756193,29-10-2003,"Plot No. 567, Dilsukhnagar, Hyderabad, India"
2111cs030164,Amit Pandey,data science,Amit123,2111cs030164@mallareddyuniversity.ac.in,Male,5684273019,03-08-2003,"Plot No. 890, Malakpet, Hyderabad, India"
2111cs030165,Priyanka Patel,data science,Priyanka123,2111cs030165@mallareddyuniversity.ac.in,Female,9074281365,12-04-2003,"Plot No. 123, Tarnaka, Hyderabad, India"
2111cs030166,Anita Rao,data science,Anita123,2111cs030166@mallareddyuniversity.ac.in,Female,7259314806,30-12-2003,"Plot No. 456, Kompally, Hyderabad, India"
2111cs030167,Arun Sharma,data science,Arun123,2111cs030167@mallareddyuniversity.ac.in,Male,8463195720,06-10-2002,"Plot No. 789, Shamirpet, Hyderabad, India"
2111cs030168,Kirti Singh,data science,Kirti123,2111cs030168@mallareddyuniversity.ac.in,Female,5846702139,23-06-2003,"Plot No. 234, Ghatkesar, Hyderabad, India"
2111cs030169,Naveen Verma,data science,Naveen123,2111cs030169@mallareddyuniversity.ac.in,Male,9375184260,27-02-2003,"Plot No. 567, Boduppal, Hyderabad, India"
2111cs030170,Manisha Gupta,data science,Manisha123,2111cs030170@mallareddyuniversity.ac.in,Female,7064593128,11-11-2003,"Plot No. 890, Lingampally, Hyderabad, India"
2111cs030171,Vishwas,data science,Vishwas123,2111cs030171@mallareddyuniversity.ac.in,Male,8213940756,14-07-2003,"Plot No. 123, Manikonda, Hyderabad, India"
2111cs030172,Sanjay Kumar,data science,Sanjay123,2111cs030172@mallareddyuniversity.ac.in,Male,6925178034,17-03-2003,"Plot No. 456, Bachupally, Hyderabad, India"
2111cs030173,Shikha Mehra,data science,Shikha123,2111cs030173@mallareddyuniversity.ac.in,Female,9546032187,17-12-2003,"Plot No. 789, Patancheru, Hyderabad, India"
2111cs030174,Vijay Pandey,data science,Vijay123,2111cs030174@mallareddyuniversity.ac.in,Male,6018374295,02-09-2003,"Plot No. 234, Kothapet, Hyderabad, India"
2111cs030175,Anjali Patel,data science,Anjali123,2111cs030175@mallareddyuniversity.ac.in,Female,8132956470,13-06-2003,"Plot No. 567, Attapur, Hyderabad, India"
2111cs030176,Akshay Rao,data science,Akshay123,2111cs030176@mallareddyuniversity.ac.in,Male,6974328150,19-03-2003,"Plot No. 890, Sainikpuri, Hyderabad, India"
2111cs030177,Anju Sharma,data science,Anju123,2111cs030177@mallareddyuniversity.ac.in,Female,9028475631,08-12-2003,"Plot No. 123, Uppal, Hyderabad, India"
2111cs030178,Rajesh Verma,data science,Rajesh123,2111cs030178@mallareddyuniversity.ac.in,Male,7625104983,24-08-2003,"Plot No. 456, Nizampet, Hyderabad, India"
2111cs030179,Nisha Gupta,data science,Nisha123,2111cs030179@mallareddyuniversity.ac.in,Female,8946172305,16-07-2003,"Plot No. 789, Miyapur, Hyderabad, India"
2111cs030180,Srinivas Shetty,data science,Srinivas123,2111cs030180@mallareddyuniversity.ac.in,Male,6319850274,05-02-2003,"Plot No. 234, Kompally, Hyderabad, India"
2111cs030181,Karthik Pillai,it,Karthik123,2111cs030181@mallareddyuniversity.ac.in,Male,7401925638,28-11-2003,"Plot No. 567, Gachibowli, Hyderabad, India"
2111cs030182,Ananya Rajan,it,Ananya123,2111cs030182@mallareddyuniversity.ac.in,Female,8675094213,12-09-2003,"Plot No. 890, Banjara Hills, Hyderabad, India"
2111cs030183,Deepa Nair,it,Deepa123,2111cs030183@mallareddyuniversity.ac.in,Female,9257483106,31-05-2003,"Plot No. 123, Jubilee Hills, Hyderabad, India"
2111cs030184,Ganesh Iyer,it,Ganesh123,2111cs030184@mallareddyuniversity.ac.in,Male,6794810523,18-02-2003,"Plot No. 456, Ameerpet, Hyderabad, India"
2111cs030185,Krishna Chowdhury,it,Krishna123,2111cs030185@mallareddyuniversity.ac.in,Male,8036452197,07-11-2003,"Plot No. 789, Madhapur, Hyderabad, India"
2111cs030186,Shalini Panicker,it,Shalini123,2111cs030186@mallareddyuniversity.ac.in,Female,5369721480,22-07-2003,"Plot No. 234, Hitech City, Hyderabad, India"
2111cs030187,Rajesh Sharma,it,Rajesh123,2111cs030187@mallareddyuniversity.ac.in,Male,9865702431,10-04-2003,"Plot No. 567, Kondapur, Hyderabad, India"
2111cs030188,Arun Reddy,it,Arun123,2111cs030188@mallareddyuniversity.ac.in,Male,7540193628,16-12-2003,"Plot No. 890, Begumpet, Hyderabad, India"
2111cs030189,Kavitha Menon,it,Kavitha123,2111cs030189@mallareddyuniversity.ac.in,Female,8297130564,01-09-2003,"Plot No. 123, Miyapur, Hyderabad, India"
2111cs030190,Manoj Sundaram,it,Manoj123,2111cs030190@mallareddyuniversity.ac.in,Male,6129854370,20-06-2003,"Plot No. 456, Gachibowli, Hyderabad, India"
2111cs030191,Suresh Prasad,it,Suresh123,2111cs030191@mallareddyuniversity.ac.in,Male,9473082516,26-03-2003,"Plot No. 789, Banjara Hills, Hyderabad, India"
2111cs030192,Vijay Khan,it,Vijay123,2111cs030192@mallareddyuniversity.ac.in,Male,7304685291,13-12-2003,"Plot No. 234, Jubilee Hills, Hyderabad, India"
2111cs030193,Priya Chatterjee,it,Priya123,2111cs030193@mallareddyuniversity.ac.in,Female,8654190273,28-08-2003,"Plot No. 567, Ameerpet, Hyderabad, India"
2111cs030194,Meera Kumar,it,Meera123,2111cs030194@mallareddyuniversity.ac.in,Female,5946837021,20-07-2003,"Plot No. 890, Madhapur, Hyderabad, India"
2111cs030195,Divya Gowda,it,Divya123,2111cs030195@mallareddyuniversity.ac.in,Female,9083452716,04-02-2003,"Plot No. 123, Hitech City, Hyderabad, India"
2111cs030196,Shanthi Rao,it,Shanthi123,2111cs030196@mallareddyuniversity.ac.in,Female,7295148603,23-11-2003,"Plot No. 456, Kondapur, Hyderabad, India"
2111cs030197,Shyam Murthy,it,Shyam123,2111cs030197@mallareddyuniversity.ac.in,Male,8314697250,09-09-2003,"Plot No. 789, Begumpet, Hyderabad, India"
2111cs030198,Prakash Singh,it,Prakash123,2111cs030198@mallareddyuniversity.ac.in,Male,6051829743,25-05-2003,"Plot No. 234, Miyapur, Hyderabad, India"
2111cs030199,Saraswati Nair,it,Saraswati123,2111cs030199@mallareddyuniversity.ac.in,Female,9470521863,12-02-2003,"Plot No. 567, Gachibowli, Hyderabad, India"
2111cs030200,Anand Rajan,it,Anand123,2111cs030200@mallareddyuniversity.ac.in,Male,7835426109,31-10-2003,"Plot No. 890, Banjara Hills, Hyderabad, India"
2111cs030201,Anjali Nair,it,Anjali123,2111cs030201@mallareddyuniversity.ac.in,Female,6129704385,16-07-2003,"Plot No. 123, Jubilee Hills, Hyderabad, India"
2111cs030202,Krishna Murthy,it,Krishna123,2111cs030202@mallareddyuniversity.ac.in,Male,9457826310,08-04-2003,"Plot No. 456, Ameerpet, Hyderabad, India"
2111cs030203,Priyanka Gowda,it,Priyanka123,2111cs030203@mallareddyuniversity.ac.in,Female,7086354921,24-12-2003,"Plot No. 789, Madhapur, Hyderabad, India"
2111cs030204,Sumanth Shetty,it,Sumanth123,2111cs030204@mallareddyuniversity.ac.in,Male,8264379051,01-09-2003,"Plot No. 234, Hitech City, Hyderabad, India"
2111cs030205,Rahul Sharma,it,Rahul123,2111cs030205@mallareddyuniversity.ac.in,Male,5496231708,18-06-2003,"Plot No. 567, Kondapur, Hyderabad, India"
2111cs030206,Anushka Gupta,it,Anushka123,2111cs030206@mallareddyuniversity.ac.in,Female,9347012856,23-03-2003,"Plot No. 890, Begumpet, Hyderabad, India"
2111cs030207,Kiran Kumar,it,Kiran123,2111cs030207@mallareddyuniversity.ac.in,Male,6072941538,12-12-2003,"Plot No. 123, Miyapur, Hyderabad, India"
2111cs030208,Rita Mehra,it,Rita123,2111cs030208@mallareddyuniversity.ac.in,Female,8593274106,27-08-2003,"Plot No. 456, Gachibowli, Hyderabad, India"
2111cs030209,Vikram Rao,it,Vikram123,2111cs030209@mallareddyuniversity.ac.in,Male,7468012539,19-07-2003,"Plot No. 789, Banjara Hills, Hyderabad, India"
2111cs030210,Neha Kapoor,it,Neha123,2111cs030210@mallareddyuniversity.ac.in,Female,9381576240,03-02-2003,"Plot No. 234, Jubilee Hills, Hyderabad, India"
2111cs030211,Amita Singh,it,Amita123,2111cs030211@mallareddyuniversity.ac.in,Female,6719824350,22-11-2003,"Plot No. 567, Ameerpet, Hyderabad, India"
2111cs030212,Prakash Mehta,it,Prakash123,2111cs030212@mallareddyuniversity.ac.in,Male,8234170659,06-09-2003,"Plot No. 890, Madhapur, Hyderabad, India"
2111cs030213,Rajeshwari Iyer,it,Rajeshwari123,2111cs030213@mallareddyuniversity.ac.in,Female,5682917043,26-05-2003,"Plot No. 123, Hitech City, Hyderabad, India"
2111cs030214,Manoj Kumar,it,Manoj123,2111cs030214@mallareddyuniversity.ac.in,Male,9037241586,10-02-2003,"Plot No. 456, Kondapur, Hyderabad, India"
2111cs030215,Sneha Nair,it,Sneha123,2111cs030215@mallareddyuniversity.ac.in,Female,7158392046,09-07-2002,"Plot No. 789, Begumpet, Hyderabad, India"
2111cs030216,Vishnu Menon,it,Vishnu123,2111cs030216@mallareddyuniversity.ac.in,Male,8260413975,16-03-2004,"Plot No. 234, Miyapur, Hyderabad, India"
2111cs030217,Anita Choudhary,it,Anita123,2111cs030217@mallareddyuniversity.ac.in,Female,5329784160,29-11-2002,"Plot No. 567, Gachibowli, Hyderabad, India"
2111cs030218,Alok Verma,it,Alok123,2111cs030218@mallareddyuniversity.ac.in,Male,9874306152,07-08-2004,"Plot No. 890, Banjara Hills, Hyderabad, India"
2111cs030219,Swati Desai,it,Swati123,2111cs030219@mallareddyuniversity.ac.in,Female,7401659238,25-07-2002,"Plot No. 123, Jubilee Hills, Hyderabad, India"
2111cs030220,Sanjay Gupta,it,Sanjay123,2111cs030220@mallareddyuniversity.ac.in,Male,6198530274,14-04-2004,"Plot No. 456, Ameerpet, Hyderabad, India"
2111cs030221,Shalini Sharma,it,Shalini123,2111cs030221@mallareddyuniversity.ac.in,Female,9257430816,04-12-2002,"Plot No. 789, Madhapur, Hyderabad, India"
2111cs030222,Ajay Kapoor,it,Ajay123,2111cs030222@mallareddyuniversity.ac.in,Male,7068952413,19-08-2004,"Plot No. 234, Hitech City, Hyderabad, India"
2111cs030223,Jyoti Patel,it,Jyoti123,2111cs030223@mallareddyuniversity.ac.in,Female,8392560174,30-06-2002,"Plot No. 567, Kondapur, Hyderabad, India"
2111cs030224,Rakesh Verma,it,Rakesh123,2111cs030224@mallareddyuniversity.ac.in,Male,5968130427,15-03-2004,"Plot No. 890, Begumpet, Hyderabad, India"
2111cs030225,Anand Menon,it,Anand123,2111cs030225@mallareddyuniversity.ac.in,Male,9042673581,29-11-2002,"Plot No. 123, Miyapur, Hyderabad, India"
2111cs030226,Madhavi Rao,it,Madhavi123,2111cs030226@mallareddyuniversity.ac.in,Female,7816234095,09-07-2002,"Plot No. 456, Gachibowli, Hyderabad, India"
2111cs030227,Rajiv Deshmukh,it,Rajiv123,2111cs030227@mallareddyuniversity.ac.in,Male,6389152704,16-03-2004,"Plot No. 789, Banjara Hills, Hyderabad, India"
2111cs030228,Sarita Khanna,it,Sarita123,2111cs030228@mallareddyuniversity.ac.in,Female,9703854162,29-11-2002,"Plot No. 234, Jubilee Hills, Hyderabad, India"
2111cs030229,Aman Malhotra,it,Aman123,2111cs030229@mallareddyuniversity.ac.in,Male,7250346189,07-08-2004,"Plot No. 567, Ameerpet, Hyderabad, India"
2111cs030230,Smita Bhatia,it,Smita123,2111cs030230@mallareddyuniversity.ac.in,Female,8369152047,25-07-2002,"Plot No. 890, Madhapur, Hyderabad, India"
2111cs030231,Ashok Rao,it,Ashok123,2111cs030231@mallareddyuniversity.ac.in,Male,9172368405,25-06-2002,"Plot No. 123, Hitech City, Hyderabad, India"
2111cs030232,Anjali Saxena,it,Anjali123,2111cs030232@mallareddyuniversity.ac.in,Female,8627014935,01-03-2003,"Plot No. 456, Kondapur, Hyderabad, India"
2111cs030233,Mukesh Srinivasan,it,Mukesh123,2111cs030233@mallareddyuniversity.ac.in,Male,7503682149,17-09-2004,"Plot No. 789, Begumpet, Hyderabad, India"
2111cs030234,Rachna Nair,it,Rachna123,2111cs030234@mallareddyuniversity.ac.in,Female,6935714028,30-05-2002,"Plot No. 234, Miyapur, Hyderabad, India"
2111cs030235,Vijay Deshpande,it,Vijay123,2111cs030235@mallareddyuniversity.ac.in,Male,8295173064,06-08-2003,"Plot No. 567, Gachibowli, Hyderabad, India"
2111cs030236,Shikha Kapoor,it,Shikha123,2111cs030236@mallareddyuniversity.ac.in,Female,8169457023,22-12-2004,"Plot No. 890, Banjara Hills, Hyderabad, India"
2111cs030237,Vinod Menon,it,Vinod123,2111cs030237@mallareddyuniversity.ac.in,Male,9543021768,09-02-2002,"Plot No. 123, Jubilee Hills, Hyderabad, India"
2111cs030238,Asha Sharma,it,Asha123,2111cs030238@mallareddyuniversity.ac.in,Female,6278419035,28-07-2003,"Plot No. 456, Ameerpet, Hyderabad, India"
2111cs030239,Anirudh Iyer,it,Anirudh123,2111cs030239@mallareddyuniversity.ac.in,Male,8935704126,03-04-2004,"Plot No. 789, Madhapur, Hyderabad, India"
2111cs030240,Rani Joshi,it,Rani123,2111cs030240@mallareddyuniversity.ac.in,Female,7056493812,19-10-2002,"Plot No. 123, Jubilee Hills, Hyderabad, India"
2111cs030241,Shikha Kapoor,it,Shikha123,2111cs030241@mallareddyuniversity.ac.in,Female,9246073581,31-01-2003,"Plot No. 456, Banjara Hills, Hyderabad, India"
2111cs030242,Aman Malhotra,it,Aman123,2111cs030242@mallareddyuniversity.ac.in,Male,7694021583,17-08-2004,"Plot No. 789, Hitech City, Hyderabad, India"
2111cs030243,Kavita Khanna,it,Kavita123,2111cs030243@mallareddyuniversity.ac.in,Female,8159764032,26-03-2002,"Plot No. 321, Gachibowli, Hyderabad, India"
2111cs030244,Sujata Rao,it,Sujata123,2111cs030244@mallareddyuniversity.ac.in,Female,9482673105,17-12-2003,"Plot No. 654, Kondapur, Hyderabad, India"
2111cs030245,Rashmi Verma,it,Rashmi123,2111cs030245@mallareddyuniversity.ac.in,Female,7230198564,02-09-2003,"Plot No. 987, Madhapur, Hyderabad, India"
2111cs030246,Sumanth Shetty,it,Sumanth123,2111cs030246@mallareddyuniversity.ac.in,Male,8640213795,13-06-2003,"Plot No. 147, Ameerpet, Hyderabad, India"
2111cs030247,Jasmin Reddy,it,Jasmin123,2111cs030247@mallareddyuniversity.ac.in,Female,7418935062,19-03-2003,"Plot No. 258, Miyapur, Hyderabad, India"
2111cs030248,Vinod Menon,it,Vinod123,2111cs030248@mallareddyuniversity.ac.in,Male,6893240175,08-12-2003,"Plot No. 369, Kukatpally, Hyderabad, India"
2111cs030249,Naveen Verma,it,Naveen123,2111cs030249@mallareddyuniversity.ac.in,Male,9328461705,24-08-2003,"Plot No. 852, Begumpet, Hyderabad, India"
2111cs030250,Smita Bhatia,it,Smita123,2111cs030250@mallareddyuniversity.ac.in,Female,7596812304,16-07-2003,"Plot No. 963, Jubilee Hills, Hyderabad, India"
2111cs030251,Rupal Joshi,it,Rupal123,2111cs030251@mallareddyuniversity.ac.in,Female,8169250743,05-02-2003,"Plot No. 741, Banjara Hills, Hyderabad, India"
2111cs030252,Manish Srinivasan,it,Manish123,2111cs030252@mallareddyuniversity.ac.in,Male,9738105264,28-11-2003,"Plot No. 852, Hitech City, Hyderabad, India"
2111cs030253,Prakash Mehta,it,Prakash123,2111cs030253@mallareddyuniversity.ac.in,Male,6894157320,12-09-2003,"Plot No. 147, Gachibowli, Hyderabad, India"
2111cs030254,Pradeep Gupta,it,Pradeep123,2111cs030254@mallareddyuniversity.ac.in,Male,8421976503,31-05-2003,"Plot No. 369, Kondapur, Hyderabad, India"
2111cs030255,Rajesh Srinivasan,it,Rajesh123,2111cs030255@mallareddyuniversity.ac.in,Male,6124978530,18-02-2003,"Plot No. 258, Madhapur, Hyderabad, India"
2111cs030256,Mona Pandey,it,Mona123,2111cs030256@mallareddyuniversity.ac.in,Female,9051784263,07-11-2003,"Plot No. 654, Ameerpet, Hyderabad, India"
2111cs030257,Geeta Menon,it,Geeta123,2111cs030257@mallareddyuniversity.ac.in,Female,7269084513,22-07-2003,"Plot No. 852, Miyapur, Hyderabad, India"
2111cs030258,Anjali Saxena,it,Anjali123,2111cs030258@mallareddyuniversity.ac.in,Female,8214970563,10-04-2003,"Plot No. 741, Kukatpally, Hyderabad, India"
2111cs030259,Rahul Nair,it,Rahul123,2111cs030259@mallareddyuniversity.ac.in,Male,7542139608,16-12-2003,"Plot No. 963, Begumpet, Hyderabad, India"
2111cs030260,Divya Kapoor,it,Divya123,2111cs030260@mallareddyuniversity.ac.in,Female,6382105794,01-09-2003,"Plot No. 963, Mehdipatnam, Hyderabad, India"
2111cs030261,Anita Choudhary,iot,Anita123,2111cs030261@mallareddyuniversity.ac.in,Female,9074128563,20-06-2003,"Plot No. 852, Nampally, Hyderabad, India"
2111cs030262,Sangeeta Nair,iot,Sangeeta123,2111cs030262@mallareddyuniversity.ac.in,Female,7183290654,26-03-2003,"Plot No. 741, Charminar, Hyderabad, India"
2111cs030263,Shyam Murthy,iot,Shyam123,2111cs030263@mallareddyuniversity.ac.in,Male,8297610354,13-12-2003,"Plot No. 369, Secunderabad, Hyderabad, India"
2111cs030264,Anita Gupta,iot,Anita123,2111cs030264@mallareddyuniversity.ac.in,Female,6735089214,28-08-2003,"Plot No. 258, Habsiguda, Hyderabad, India"
2111cs030265,Rajiv Deshmukh,iot,Rajiv123,2111cs030265@mallareddyuniversity.ac.in,Male,9458632071,20-07-2003,"Plot No. 654, Uppal, Hyderabad, India"
2111cs030266,Shalini Panicker,iot,Shalini123,2111cs030266@mallareddyuniversity.ac.in,Female,7560428139,04-02-2003,"Plot No. 963, Dilsukhnagar, Hyderabad, India"
2111cs030267,Megha Desai,iot,Megha123,2111cs030267@mallareddyuniversity.ac.in,Female,8921346705,23-11-2003,"Plot No. 741, Malakpet, Hyderabad, India"
2111cs030268,Ankit Bhatia,iot,Ankit123,2111cs030268@mallareddyuniversity.ac.in,Male,6247309185,09-09-2003,"Plot No. 852, Tarnaka, Hyderabad, India"
2111cs030269,Shalini Sharma,iot,Shalini123,2111cs030269@mallareddyuniversity.ac.in,Female,9714685302,25-05-2003,"Plot No. 147, Kompally, Hyderabad, India"
2111cs030270,Pallavi Menon,iot,Pallavi123,2111cs030270@mallareddyuniversity.ac.in,Female,7158390264,12-02-2003,"Plot No. 369, Shamirpet, Hyderabad, India"
2111cs030271,Sarita Khanna,iot,Sarita123,2111cs030271@mallareddyuniversity.ac.in,Female,8369257104,31-10-2003,"Plot No. 963, Ghatkesar, Hyderabad, India"
2111cs030272,Vijay Deshpande,iot,Vijay123,2111cs030272@mallareddyuniversity.ac.in,Male,9270631458,16-07-2003,"Plot No. 741, Boduppal, Hyderabad, India"
2111cs030273,Prashant Malhotra,iot,Prashant123,2111cs030273@mallareddyuniversity.ac.in,Male,7039584621,08-04-2003,"Plot No. 852, Lingampally, Hyderabad, India"
2111cs030274,Priya Chatterjee,iot,Priya123,2111cs030274@mallareddyuniversity.ac.in,Female,8452671093,24-12-2003,"Plot No. 258, Manikonda, Hyderabad, India"
2111cs030275,Asha Sharma,iot,Asha123,2111cs030275@mallareddyuniversity.ac.in,Female,6928405137,01-09-2003,"Plot No. 654, Bachupally, Hyderabad, India"
2111cs030276,Rita Mehra,iot,Rita123,2111cs030276@mallareddyuniversity.ac.in,Female,9342718605,18-06-2003,"Plot No. 963, Patancheru, Hyderabad, India"
2111cs030277,Kavitha Menon,iot,Kavitha123,2111cs030277@mallareddyuniversity.ac.in,Female,5683109472,23-03-2003,"Plot No. 741, Kothapet, Hyderabad, India"
2111cs030278,Kiran Mehta,iot,Kiran123,2111cs030278@mallareddyuniversity.ac.in,Female,8275064913,12-12-2003,"Plot No. 852, Attapur, Hyderabad, India"
2111cs030279,Mukesh Srinivasan,iot,Mukesh123,2111cs030279@mallareddyuniversity.ac.in,Male,7492056183,27-08-2003,"Plot No. 147, Sainikpuri, Hyderabad, India"
2111cs030280,Vishnu Menon,iot,Vishnu123,2111cs030280@mallareddyuniversity.ac.in,Male,9164720853,19-07-2003,"Plot No. 369, Uppal, Hyderabad, India"
2111cs030281,Shikha Mehra,iot,Shikha123,2111cs030281@mallareddyuniversity.ac.in,Female,8572109463,03-02-2003,"Plot No. 963, Nizampet, Hyderabad, India"
2111cs030282,Rachna Nair,iot,Rachna123,2111cs030282@mallareddyuniversity.ac.in,Female,7293854160,22-11-2003,"Plot No. 741, Miyapur, Hyderabad, India"
2111cs030283,Ananya Iyer,iot,Ananya123,2111cs030283@mallareddyuniversity.ac.in,Female,8945032176,06-09-2003,"Plot No. 852, Kompally, Hyderabad, India"
2111cs030284,Meera Kumar,iot,Meera123,2111cs030284@mallareddyuniversity.ac.in,Female,6309247518,26-05-2003,"Plot No. 258, Gachibowli, Hyderabad, India"
2111cs030285,Rahul Sharma,iot,Rahul123,2111cs030285@mallareddyuniversity.ac.in,Male,9045712638,10-02-2003,"Plot No. 654, Banjara Hills, Hyderabad, India"
2111cs030286,Gagan Malhotra,iot,Gagan123,2111cs030286@mallareddyuniversity.ac.in,Male,6784310952,07-08-2002,"Plot No. 963, Jubilee Hills, Hyderabad, India"
2111cs030287,Sudhir Pandey,iot,Sudhir123,2111cs030287@mallareddyuniversity.ac.in,Male,9427610358,23-12-2003,"Plot No. 741, Ameerpet, Hyderabad, India"
2111cs030288,Vijay Khan,iot,Vijay123,2111cs030288@mallareddyuniversity.ac.in,Male,7263954081,10-02-2002,"Plot No. 852, Madhapur, Hyderabad, India"
2111cs030289,Rani Joshi,iot,Rani123,2111cs030289@mallareddyuniversity.ac.in,Female,8362049571,29-07-2004,"Plot No. 147, Hitech City, Hyderabad, India"
2111cs030290,Asha Deshmukh,iot,Asha123,2111cs030290@mallareddyuniversity.ac.in,Female,9561734082,05-04-2003,"Plot No. 369, Kondapur, Hyderabad, India"
2111cs030291,Rashmi Menon,iot,Rashmi123,2111cs030291@mallareddyuniversity.ac.in,Female,7032581946,19-10-2004,"Plot No. 963, Begumpet, Hyderabad, India"
2111cs030292,Alok Verma,iot,Alok123,2111cs030292@mallareddyuniversity.ac.in,Male,8154630729,30-01-2002,"Plot No. 741, Miyapur, Hyderabad, India"
2111cs030293,Harshith Taylor,iot,Harshith123,2111cs030293@mallareddyuniversity.ac.in,Male,9461305278,16-08-2003,"Plot No. 852, Gachibowli, Hyderabad, India"
2111cs030294,Sonam Carter,iot,Sonam123,2111cs030294@mallareddyuniversity.ac.in,Female,6287431950,28-03-2004,"Plot No. 258, Banjara Hills, Hyderabad, India"
2111cs030295,Preeti Adams,iot,Preeti123,2111cs030295@mallareddyuniversity.ac.in,Female,9078163452,04-09-2002,"Plot No. 654, Jubilee Hills, Hyderabad,India"
2111cs030296,Priyanka Martinez,iot,Priyanka123,2111cs030296@mallareddyuniversity.ac.in,Female,7318964250,20-01-2003,"Plot No. 123, Jubilee Hills, Hyderabad, India"
2111cs030297,Gayatri Taylor,iot,Gayatri123,2111cs030297@mallareddyuniversity.ac.in,Female,8294375016,11-12-2003,"Plot No. 963, Jubilee Hills, Hyderabad, India"
2111cs030298,Varun King,iot,Varun123,2111cs030298@mallareddyuniversity.ac.in,Male,5946873102,20-09-2003,"Plot No. 741, Banjara Hills, Hyderabad, India"
2111cs030299,Rohini Taylor,iot,Rohini123,2111cs030299@mallareddyuniversity.ac.in,Female,9165082374,08-07-2003,"Plot No. 852, Hitech City, Hyderabad, India"
2111cs030300,Varun Wright,iot,Varun123,2111cs030300@mallareddyuniversity.ac.in,Male,7512498630,26-03-2003,"Plot No. 147, Gachibowli, Hyderabad, India"
2111cs030301,Avinash Moore,iot,Avinash123,2111cs030301@mallareddyuniversity.ac.in,Male,8640179253,05-11-2003,"Plot No. 369, Kondapur, Hyderabad, India"
2111cs030302,Manisha Mehra,iot,Manisha123,2111cs030302@mallareddyuniversity.ac.in,Female,6905473281,30-08-2003,"Plot No. 258, Madhapur, Hyderabad, India"
2111cs030303,Deepa Scott,iot,Deepa123,2111cs030303@mallareddyuniversity.ac.in,Female,9327064581,13-07-2003,"Plot No. 654, Ameerpet, Hyderabad, India"
2111cs030304,Anita Young,iot,Anita123,2111cs030304@mallareddyuniversity.ac.in,Female,7089241536,03-06-2003,"Plot No. 852, Miyapur, Hyderabad, India"
2111cs030305,Geeta Scott,iot,Geeta123,2111cs030305@mallareddyuniversity.ac.in,Female,8236904517,16-03-2003,"Plot No. 741, Kukatpally, Hyderabad, India"
2111cs030306,Aishwarya Davis,iot,Aishwarya123,2111cs030306@mallareddyuniversity.ac.in,Female,5421687930,15-11-2003,"Plot No. 963, Begumpet, Hyderabad, India"
2111cs030307,Anita King,iot,Anita123,2111cs030307@mallareddyuniversity.ac.in,Female,9046172385,29-09-2003,"Plot No. 963, Mehdipatnam, Hyderabad, India"
2111cs030308,Rajat Taylor,iot,Rajat123,2111cs030308@mallareddyuniversity.ac.in,Male,7812054396,07-08-2003,"Plot No. 852, Nampally, Hyderabad, India"
2111cs030309,Shanthi Clark,iot,Shanthi123,2111cs030309@mallareddyuniversity.ac.in,Female,6389572140,12-04-2003,"Plot No. 741, Charminar, Hyderabad, India"
2111cs030310,Manoj Clark,iot,Manoj123,2111cs030310@mallareddyuniversity.ac.in,Male,9274315806,21-09-2003,"Plot No. 369, Secunderabad, Hyderabad, India"
2111cs030311,Kunal Thomas,iot,Kunal123,2111cs030311@mallareddyuniversity.ac.in,Male,6725184039,18-08-2003,"Plot No. 258, Habsiguda, Hyderabad, India"
2111cs030312,Deepika Wright,iot,Deepika123,2111cs030312@mallareddyuniversity.ac.in,Female,8504329716,01-07-2003,"Plot No. 654, Uppal, Hyderabad, India"
2111cs030313,Madhu Anderson,iot,Madhu123,2111cs030313@mallareddyuniversity.ac.in,Female,7142093856,13-05-2003,"Plot No. 963, Dilsukhnagar, Hyderabad, India"
2111cs030314,Suresh Harris,iot,Suresh123,2111cs030314@mallareddyuniversity.ac.in,Male,8296351704,30-12-2003,"Plot No. 741, Malakpet, Hyderabad, India"
2111cs030315,Krishna Hall,iot,Krishna123,2111cs030315@mallareddyuniversity.ac.in,Male,9540378162,24-09-2003,"Plot No. 852, Tarnaka, Hyderabad, India"
2111cs030316,Arun White,iot,Arun123,2111cs030316@mallareddyuniversity.ac.in,Male,6218735409,08-07-2002,"Plot No. 147, Kompally, Hyderabad, India"
2111cs030317,Divya Lewis,iot,Divya123,2111cs030317@mallareddyuniversity.ac.in,Female,8964072513,17-03-2004,"Plot No. 369, Shamirpet, Hyderabad, India"
2111cs030318,Seema Carter,cyber security,Seema123,2111cs030318@mallareddyuniversity.ac.in,Female,7035189246,09-11-2002,"Plot No. 963, Ghatkesar, Hyderabad, India"
2111cs030319,Anjali Young,cyber security,Anjali123,2111cs030319@mallareddyuniversity.ac.in,Female,8346250973,22-08-2004,"Plot No. 741, Boduppal, Hyderabad, India"
2111cs030320,Rajesh Kumar,cyber security,Rajesh123,2111cs030320@mallareddyuniversity.ac.in,Male,9651307482,28-07-2002,"Plot No. 852, Lingampally, Hyderabad, India"
2111cs030321,Ashish Moore,cyber security,Ashish123,2111cs030321@mallareddyuniversity.ac.in,Male,7164839205,07-04-2004,"Plot No. 258, Manikonda, Hyderabad, India"
2111cs030322,Deepa Taylor,cyber security,Deepa123,2111cs030322@mallareddyuniversity.ac.in,Female,8254130967,26-09-2002,"Plot No. 654, Bachupally, Hyderabad, India"
2111cs030323,Prakash White,cyber security,Prakash123,2111cs030323@mallareddyuniversity.ac.in,Male,5361204987,13-08-2004,"Plot No. 963, Patancheru, Hyderabad, India"
2111cs030324,Suresh King,cyber security,Suresh123,2111cs030324@mallareddyuniversity.ac.in,Male,9486057132,02-07-2002,"Plot No. 741, Kothapet, Hyderabad, India"
2111cs030325,Rajeev Martinez,cyber security,Rajeev123,2111cs030325@mallareddyuniversity.ac.in,Male,7643150829,11-03-2004,"Plot No. 852, Attapur, Hyderabad, India"
2111cs030326,Shikha Adams,cyber security,Shikha123,2111cs030326@mallareddyuniversity.ac.in,Female,8120946357,22-10-2002,"Plot No. 147, Sainikpuri, Hyderabad, India"
2111cs030327,Anita Lee,cyber security,Anita123,2111cs030327@mallareddyuniversity.ac.in,Female,9350178264,15-08-2004,"Plot No. 369, Uppal, Hyderabad, India"
2111cs030328,Deepthi Walker,cyber security,Deepthi123,2111cs030328@mallareddyuniversity.ac.in,Female,6073495182,31-05-2002,"Plot No. 963, Nizampet, Hyderabad, India"
2111cs030329,Raghavendra Young,cyber security,Raghavendra123,2111cs030329@mallareddyuniversity.ac.in,Male,8795402163,26-03-2004,"Plot No. 741, Miyapur, Hyderabad, India"
2111cs030330,Nithya Carter,cyber security,Nithya123,2111cs030330@mallareddyuniversity.ac.in,Female,7269180435,11-12-2003,"Plot No. 852, Kompally, Hyderabad, India"
2111cs030331,Ankit Wright,cyber security,Ankit123,2111cs030331@mallareddyuniversity.ac.in,Male,8327451096,20-09-2003,"Plot No. 258, Gachibowli, Hyderabad, India"
2111cs030332,Anita Taylor,cyber security,Anita123,2111cs030332@mallareddyuniversity.ac.in,Female,9564013278,08-07-2003,"Plot No. 654, Banjara Hills, Hyderabad, India"
2111cs030333,Anju Phillips,cyber security,Anju123,2111cs030333@mallareddyuniversity.ac.in,Female,7095834126,26-03-2003,"Plot No. 963, Jubilee Hills, Hyderabad, India"
2111cs030334,Ananya Wilson,cyber security,Ananya123,2111cs030334@mallareddyuniversity.ac.in,Female,8637210459,05-11-2003,"Plot No. 741, Ameerpet, Hyderabad, India"
2111cs030335,Gayatri Rao,cyber security,Gayatri123,2111cs030335@mallareddyuniversity.ac.in,Female,9216850347,30-08-2003,"Plot No. 852, Madhapur, Hyderabad, India"
2111cs030336,Aravind Taylor,cyber security,Aravind123,2111cs030336@mallareddyuniversity.ac.in,Male,7849053126,13-07-2003,"Plot No. 147, Hitech City, Hyderabad, India"
2111cs030337,Neha Thompson,cyber security,Neha123,2111cs030337@mallareddyuniversity.ac.in,Female,6958741230,03-06-2003,"Plot No. 369, Kondapur, Hyderabad, India"
2111cs030338,Raghav Lee,cyber security,Raghav123,2111cs030338@mallareddyuniversity.ac.in,Male,8432051976,16-03-2003,"Plot No. 963, Begumpet, Hyderabad, India"
2111cs030339,Rajendra Lopez,cyber security,Rajendra123,2111cs030339@mallareddyuniversity.ac.in,Male,7194852063,15-11-2003,"Plot No. 741, Miyapur, Hyderabad, India"
2111cs030340,Amit Moore,cyber security,Amit123,2111cs030340@mallareddyuniversity.ac.in,Male,8765432109,13-11-2004,"Plot No. 852, Gachibowli, Hyderabad, India"
2111cs030341,Rashmi Clark,cyber security,Rashmi123,2111cs030341@mallareddyuniversity.ac.in,Female,9231564870,25-06-2002,"Plot No. 258, Banjara Hills, Hyderabad, India"
2111cs030342,Ankit Harris,cyber security,Ankit123,2111cs030342@mallareddyuniversity.ac.in,Male,7509421863,01-03-2003,"Plot No. 654, Jubilee Hills, Hyderabad,"
2111cs030343,Nandini Allen,cyber security,Nandini123,2111cs030343@mallareddyuniversity.ac.in,Female,8693075241,17-09-2004,"Plot No. 963, Jubilee Hills, Hyderabad, India"
2111cs030344,Rohit Jackson,cyber security,Rohit123,2111cs030344@mallareddyuniversity.ac.in,Male,9157623084,30-05-2002,"Plot No. 741, Banjara Hills, Hyderabad, India"
2111cs030345,Sonam Clark,cyber security,Sonam123,2111cs030345@mallareddyuniversity.ac.in,Female,7803154926,06-08-2003,"Plot No. 852, Hitech City, Hyderabad, India"
2111cs030346,Vijaya Moore,cyber security,Vijaya123,2111cs030346@mallareddyuniversity.ac.in,Female,6425197038,22-12-2004,"Plot No. 147, Gachibowli, Hyderabad, India"
2111cs030347,Amit Mehra,cyber security,Amit123,2111cs030347@mallareddyuniversity.ac.in,Male,9082741635,09-02-2002,"Plot No. 369, Kondapur, Hyderabad, India"
2111cs030348,Ananya Thompson,cyber security,Ananya123,2111cs030348@mallareddyuniversity.ac.in,Female,7590843261,28-07-2003,"Plot No. 258, Madhapur, Hyderabad, India"
2111cs030349,Aravind Green,cyber security,Aravind123,2111cs030349@mallareddyuniversity.ac.in,Male,6371290845,03-04-2004,"Plot No. 654, Ameerpet, Hyderabad, India"
2111cs030350,Gaurav Mitchell,cyber security,Gaurav123,2111cs030350@mallareddyuniversity.ac.in,Male,8925634107,19-10-2002,"Plot No. 852, Miyapur, Hyderabad, India"
2111cs030351,Pooja Walker,cyber security,Pooja123,2111cs030351@mallareddyuniversity.ac.in,Female,7018354962,31-01-2003,"Plot No. 741, Kukatpally, Hyderabad, India"
2111cs030352,Neha Lewis,cyber security,Neha123,2111cs030352@mallareddyuniversity.ac.in,Female,8289476501,17-08-2004,"Plot No. 963, Begumpet, Hyderabad, India"
2111cs030353,Sangeeta Wilson,cyber security,Sangeeta123,2111cs030353@mallareddyuniversity.ac.in,Female,9760354821,26-03-2002,"Plot No. 963, Mehdipatnam, Hyderabad, India"
2111cs030354,Nidhi Mehra,cyber security,Nidhi123,2111cs030354@mallareddyuniversity.ac.in,Female,7382091645,10-02-2003,"Plot No. 852, Nampally, Hyderabad, India"
2111cs030355,Shalini Thompson,cyber security,Shalini123,2111cs030355@mallareddyuniversity.ac.in,Female,8106395724,25-08-2003,"Plot No. 741, Charminar, Hyderabad, India"
2111cs030356,Nitin Lewis,cyber security,Nitin123,2111cs030356@mallareddyuniversity.ac.in,Male,9547108263,07-04-2003,"Plot No. 369, Secunderabad, Hyderabad, India"
2111cs030357,Kirti Lee,cyber security,Kirti123,2111cs030357@mallareddyuniversity.ac.in,Female,6829351704,15-12-2003,"Plot No. 258, Habsiguda, Hyderabad, India"
2111cs030358,Rohit Lewis,aiml,Rohit123,2111cs030358@mallareddyuniversity.ac.in,Male,9136402578,18-06-2003,"Plot No. 654, Uppal, Hyderabad, India"
2111cs030359,Srinath Lopez,aiml,Srinath123,2111cs030359@mallareddyuniversity.ac.in,Male,7031859624,21-02-2003,"Plot No. 963, Dilsukhnagar, Hyderabad, India"
2111cs030360,Santosh Mitchell,aiml,Santosh123,2111cs030360@mallareddyuniversity.ac.in,Male,8675309142,29-10-2003,"Plot No. 741, Malakpet, Hyderabad, India"
2111cs030361,Ashwini Kumar,aiml,Ashwini123,2111cs030361@mallareddyuniversity.ac.in,Female,9258640371,03-08-2003,"Plot No. 852, Tarnaka, Hyderabad, India"
2111cs030362,Isha Green,aiml,Isha123,2111cs030362@mallareddyuniversity.ac.in,Female,7503196482,12-04-2003,"Plot No. 147, Kompally, Hyderabad, India"
2111cs030363,Arun Rao,aiml,Arun123,2111cs030363@mallareddyuniversity.ac.in,Male,8624937105,30-12-2003,"Plot No. 369, Shamirpet, Hyderabad, India"
2111cs030364,Sonam Hill,aiml,Sonam123,2111cs030364@mallareddyuniversity.ac.in,Female,7091526834,06-10-2002,"Plot No. 963, Ghatkesar, Hyderabad, India"
2111cs030365,Manish Thompson,aiml,Manish123,2111cs030365@mallareddyuniversity.ac.in,Male,9362051748,23-06-2003,"Plot No. 741, Boduppal, Hyderabad, India"
2111cs030366,Ashwini Jackson,aiml,Ashwini123,2111cs030366@mallareddyuniversity.ac.in,Female,8192670354,27-02-2003,"Plot No. 852, Lingampally, Hyderabad, India"
2111cs030367,Shivani Joshi,aiml,Shivani123,2111cs030367@mallareddyuniversity.ac.in,Female,7945821630,11-11-2003,"Plot No. 258, Manikonda, Hyderabad, India"
2111cs030368,Ankit Green,aiml,Ankit123,2111cs030368@mallareddyuniversity.ac.in,Male,6459302178,14-07-2003,"Plot No. 654, Bachupally, Hyderabad, India"
2111cs030369,Ajay Harris,aiml,Ajay123,2111cs030369@mallareddyuniversity.ac.in,Male,9078153642,17-03-2003,"Plot No. 963, Patancheru, Hyderabad, India"
2111cs030370,Harshith Turner,aiml,Harshith123,2111cs030370@mallareddyuniversity.ac.in,Male,7265048319,11-12-2003,"Plot No. 741, Kothapet, Hyderabad, India"
2111cs030371,Rashmi Lewis,aiml,Rashmi123,2111cs030371@mallareddyuniversity.ac.in,Female,8406732195,20-09-2003,"Plot No. 852, Attapur, Hyderabad, India"
2111cs030372,Karishma Gupta,aiml,Karishma123,2111cs030372@mallareddyuniversity.ac.in,Female,9764052318,08-07-2003,"Plot No. 147, Sainikpuri, Hyderabad, India"
2111cs030373,Manish Lopez,aiml,Manish123,2111cs030373@mallareddyuniversity.ac.in,Male,7314280659,26-03-2003,"Plot No. 369, Uppal, Hyderabad, India"
2111cs030374,Shivani Hall,aiml,Shivani123,2111cs030374@mallareddyuniversity.ac.in,Female,8163542097,05-11-2003,"Plot No. 963, Nizampet, Hyderabad, India"
2111cs030375,Kirti Carter,aiml,Kirti123,2111cs030375@mallareddyuniversity.ac.in,Female,9450372168,14-11-2003,"Plot No. 741, Miyapur, Hyderabad, India"
2111cs030376,Pradeep Jackson,aiml,Pradeep123,2111cs030376@mallareddyuniversity.ac.in,Male,6734289510,26-06-2004,"Plot No. 852, Kompally, Hyderabad, India"
2111cs030377,Shivani Lewis,aiml,Shivani123,2111cs030377@mallareddyuniversity.ac.in,Female,8953164027,02-03-2002,"Plot No. 258, Gachibowli, Hyderabad, India"
2111cs030378,Rajesh Mitchell,aiml,Rajesh123,2111cs030378@mallareddyuniversity.ac.in,Male,6089237145,18-09-2003,"Plot No. 654, Banjara Hills, Hyderabad, India"
2111cs030379,Priya White,aiml,Priya123,2111cs030379@mallareddyuniversity.ac.in,Female,7240915368,31-05-2004,"Plot No. 963, Jubilee Hills, Hyderabad, India"
2111cs030380,Ankit Lewis,aiml,Ankit123,2111cs030380@mallareddyuniversity.ac.in,Male,8492673051,07-08-2002,"Plot No. 741, Ameerpet, Hyderabad, India"
2111cs030381,Avinash Harris,aiml,Avinash123,2111cs030381@mallareddyuniversity.ac.in,Male,7065184932,23-12-2003,"Plot No. 852, Madhapur, Hyderabad, India"
2111cs030382,Preeti Scott,aiml,Preeti123,2111cs030382@mallareddyuniversity.ac.in,Female,9230561784,10-02-2002,"Plot No. 147, Hitech City, Hyderabad, India"
2111cs030383,Shwetha Martin,aiml,Shwetha123,2111cs030383@mallareddyuniversity.ac.in,Female,7594213086,29-07-2004,"Plot No. 369, Kondapur, Hyderabad, India"
2111cs030384,Manish Turner,aiml,Manish123,2111cs030384@mallareddyuniversity.ac.in,Male,6389524710,05-04-2003,"Plot No. 963, Begumpet, Hyderabad, India"
2111cs030385,Nisha Phillips,aiml,Nisha123,2111cs030385@mallareddyuniversity.ac.in,Female,8923417605,19-10-2004,"Plot No. 741, Miyapur, Hyderabad, India"
2111cs030386,Shubham Clark,aiml,Shubham123,2111cs030386@mallareddyuniversity.ac.in,Male,7079865324,30-01-2002,"Plot No. 852, Gachibowli, Hyderabad, India"
2111cs030387,Sneha Martinez,aiml,Sneha123,2111cs030387@mallareddyuniversity.ac.in,Female,8374012965,16-08-2003,"Plot No. 258, Banjara Hills, Hyderabad, India"
2111cs030388,Prakash Anderson,aiml,Prakash123,2111cs030388@mallareddyuniversity.ac.in,Male,9548276103,28-03-2004,"Plot No. 654, Jubilee Hills, Hyderabad,"
2111cs030389,Girish Young,aiml,Girish123,2111cs030389@mallareddyuniversity.ac.in,Male,6182530794,04-09-2002,"Plot No. 963, Jubilee Hills, Hyderabad, India"
2111cs030390,Karthik Davis,aiml,Karthik123,2111cs030390@mallareddyuniversity.ac.in,Male,9067381245,20-01-2003,"Plot No. 741, Banjara Hills, Hyderabad, India"
2111cs030391,Priya Allen,aiml,Priya123,2111cs030391@mallareddyuniversity.ac.in,Female,7482069351,09-07-2004,"Plot No. 852, Hitech City, Hyderabad, India"
2111cs030392,Sujata Adams,aiml,Sujata123,2111cs030392@mallareddyuniversity.ac.in,Female,8254793601,15-05-2002,"Plot No. 147, Gachibowli, Hyderabad, India"
2111cs030393,Aarav Gupta,aiml,Aarav123,2111cs030393@mallareddyuniversity.ac.in,Male,6902345718,27-12-2003,"Plot No. 369, Kondapur, Hyderabad, India"
2111cs030394,Aishwarya Joshi,aiml,Aishwarya123,2111cs030394@mallareddyuniversity.ac.in,Female,9315064827,13-11-2004,"Plot No. 258, Madhapur, Hyderabad, India"
2111cs030395,Akash Kumar,aiml,Akash123,2111cs030395@mallareddyuniversity.ac.in,Male,7128369054,25-06-2002,"Plot No. 654, Ameerpet, Hyderabad, India"
2111cs030396,Amit Mehra,aiml,Amit123,2111cs030396@mallareddyuniversity.ac.in,Male,8469350721,01-03-2003,"Plot No. 852, Miyapur, Hyderabad, India"
2111cs030397,Ananya Pandey,aiml,Ananya123,2111cs030397@mallareddyuniversity.ac.in,Female,9790415238,17-09-2004,"Plot No. 741, Kukatpally, Hyderabad, India"
2111cs030398,Ankit Patel,aiml,Ankit123,2111cs030398@mallareddyuniversity.ac.in,Male,7453920168,30-05-2002,"Plot No. 963, Begumpet, Hyderabad, India"
2111cs030399,Arjun Rao,aiml,Arjun123,2111cs030399@mallareddyuniversity.ac.in,Male,8632054917,06-08-2003,"Plot No. 963, Mehdipatnam, Hyderabad, India"
2111cs030400,Divya Sharma,aiml,Divya123,2111cs030400@mallareddyuniversity.ac.in,Female,5948671302,22-12-2004,"Plot No. 852, Nampally, Hyderabad, India"
2111cs030401,Gaurav Singh,aiml,Gaurav123,2111cs030401@mallareddyuniversity.ac.in,Male,9074321586,09-02-2002,"Plot No. 741, Charminar, Hyderabad, India"
2111cs030402,Isha Verma,aiml,Isha123,2111cs030402@mallareddyuniversity.ac.in,Female,7281956034,28-07-2003,"Plot No. 369, Secunderabad, Hyderabad, India"
2111cs030403,Ravi Gupta,aiml,Ravi123,2111cs030403@mallareddyuniversity.ac.in,Male,8245039716,03-04-2004,"Plot No. 258, Habsiguda, Hyderabad, India"
2111cs030404,Deepika Joshi,aiml,Deepika123,2111cs030404@mallareddyuniversity.ac.in,Female,6721589034,19-10-2002,"Plot No. 654, Uppal, Hyderabad, India"
2111cs030405,Rahul Kumar,aiml,Rahul123,2111cs030405@mallareddyuniversity.ac.in,Male,9084215367,31-01-2003,"Plot No. 963, Dilsukhnagar, Hyderabad, India"
2111cs030406,Sneha Mehra,aiml,Sneha123,2111cs030406@mallareddyuniversity.ac.in,Female,7513894206,17-08-2004,"Plot No. 741, Malakpet, Hyderabad, India"
2111cs030407,Neha Pandey,aiml,Neha123,2111cs030407@mallareddyuniversity.ac.in,Female,8274065319,26-03-2002,"Plot No. 852, Tarnaka, Hyderabad, India"
2111cs030408,Rohan Patel,aiml,Rohan123,2111cs030408@mallareddyuniversity.ac.in,Male,5430821796,11-09-2003,"Plot No. 147, Kompally, Hyderabad, India"
2111cs030409,Suman Rao,aiml,Suman123,2111cs030409@mallareddyuniversity.ac.in,Female,9067324185,23-05-2004,"Plot No. 369, Shamirpet, Hyderabad, India"
2111cs030410,Sanjay Sharma,aiml,Sanjay123,2111cs030410@mallareddyuniversity.ac.in,Male,7834295016,30-08-2003,"Plot No. 963, Ghatkesar, Hyderabad, India"
2111cs030411,Rajesh Singh,aiml,Rajesh123,2111cs030411@mallareddyuniversity.ac.in,Male,6392471508,13-07-2003,"Plot No. 741, Boduppal, Hyderabad, India"
2111cs030412,Kavita Verma,aiml,Kavita123,2111cs030412@mallareddyuniversity.ac.in,Female,9253704168,03-06-2003,"Plot No. 852, Lingampally, Hyderabad, India"
2111cs030413,Aditya Gupta,aiml,Aditya123,2111cs030413@mallareddyuniversity.ac.in,Male,7095286341,16-03-2003,"Plot No. 258, Manikonda, Hyderabad, India"
2111cs030414,Smita Joshi,aiml,Smita123,2111cs030414@mallareddyuniversity.ac.in,Female,8519346027,15-11-2003,"Plot No. 654, Bachupally, Hyderabad, India"
2111cs030415,Anil Kumar,aiml,Anil123,2111cs030415@mallareddyuniversity.ac.in,Male,7140923658,29-09-2003,"Plot No. 963, Patancheru, Hyderabad, India"
2111cs030416,Nisha Mehra,aiml,Nisha123,2111cs030416@mallareddyuniversity.ac.in,Female,6372958104,07-08-2003,"Plot No. 741, Kothapet, Hyderabad, India"
2111cs030417,Manish Pandey,aiml,Manish123,2111cs030417@mallareddyuniversity.ac.in,Male,8170524693,12-04-2003,"Plot No. 852, Attapur, Hyderabad, India"
2111cs030418,Priya Patel,aiml,Priya123,2111cs030418@mallareddyuniversity.ac.in,Female,9052837614,21-09-2003,"Plot No. 147, Sainikpuri, Hyderabad, India"
2111cs030419,Sujata Rao,aiml,Sujata123,2111cs030419@mallareddyuniversity.ac.in,Female,7285103964,18-08-2003,"Plot No. 369, Uppal, Hyderabad, India"
2111cs030420,Rajat Sharma,aiml,Rajat123,2111cs030420@mallareddyuniversity.ac.in,Male,8704629315,01-07-2003,"Plot No. 963, Nizampet, Hyderabad, India"
2111cs030421,Pooja Singh,aiml,Pooja123,2111cs030421@mallareddyuniversity.ac.in,Female,9268147035,13-05-2003,"Plot No. 741, Miyapur, Hyderabad, India"
2111cs030422,Vikas Verma,aiml,Vikas123,2111cs030422@mallareddyuniversity.ac.in,Male,7835964012,30-12-2003,"Plot No. 852, Kompally, Hyderabad, India"
2111cs030423,Nitin Gupta,aiml,Nitin123,2111cs030423@mallareddyuniversity.ac.in,Male,6420875139,10-02-2003,"Plot No. 258, Gachibowli, Hyderabad, India"
2111cs030424,Swati Joshi,aiml,Swati123,2111cs030424@mallareddyuniversity.ac.in,Female,8921640537,25-08-2003,"Plot No. 654, Banjara Hills, Hyderabad, India"
2111cs030425,Varun Kumar,aiml,Varun123,2111cs030425@mallareddyuniversity.ac.in,Male,7159382064,07-04-2003,"Plot No. 963, Jubilee Hills, Hyderabad, India"
2111cs030426,Ritu Mehra,aiml,Ritu123,2111cs030426@mallareddyuniversity.ac.in,Female,8246059173,15-12-2003,"Plot No. 741, Ameerpet, Hyderabad, India"
2111cs030427,Shubham Pandey,aiml,Shubham123,2111cs030427@mallareddyuniversity.ac.in,Male,9672140583,18-06-2003,"Plot No. 852, Madhapur, Hyderabad, India"
2111cs030428,Jaya Patel,aiml,Jaya123,2111cs030428@mallareddyuniversity.ac.in,Female,7093584162,21-02-2003,"Plot No. 147, Hitech City, Hyderabad, India"
2111cs030429,Vivek Rao,aiml,Vivek123,2111cs030429@mallareddyuniversity.ac.in,Male,8341965270,29-10-2003,"Plot No. 369, Kondapur, Hyderabad, India"
2111cs030430,Preeti Sharma,aiml,Preeti123,2111cs030430@mallareddyuniversity.ac.in,Female,9056182473,03-08-2003,"Plot No. 963, Begumpet, Hyderabad, India"
2111cs030431,Arun Singh,aiml,Arun123,2111cs030431@mallareddyuniversity.ac.in,Male,7245098163,12-04-2003,"Plot No. 741, Miyapur, Hyderabad, India"
2111cs030432,Rashmi Verma,aiml,Rashmi123,2111cs030432@mallareddyuniversity.ac.in,Female,8627493150,30-12-2003,"Plot No. 852, Gachibowli, Hyderabad, India"
2111cs030433,Rajendra Gupta,aiml,Rajendra123,2111cs030433@mallareddyuniversity.ac.in,Male,9307164285,06-10-2002,"Plot No. 258, Banjara Hills, Hyderabad, India"
2111cs030434,Seema Joshi,aiml,Seema123,2111cs030434@mallareddyuniversity.ac.in,Female,7594023186,23-06-2003,"Plot No. 654, Jubilee Hills, Hyderabad,"
2111cs030435,Shalini Kumar,aiml,Shalini123,2111cs030435@mallareddyuniversity.ac.in,Female,8160947253,27-02-2003,"Plot No. 963, Jubilee Hills, Hyderabad, India"
2111cs030436,Rajesh Mehra,aiml,Rajesh123,2111cs030436@mallareddyuniversity.ac.in,Male,6475298013,11-11-2003,"Plot No. 741, Banjara Hills, Hyderabad, India"
2111cs030437,Sudhir Pandey,aiml,Sudhir123,2111cs030437@mallareddyuniversity.ac.in,Male,8931476025,14-07-2003,"Plot No. 852, Hitech City, Hyderabad, India"
2111cs030438,Sapna Patel,aiml,Sapna123,2111cs030438@mallareddyuniversity.ac.in,Female,7032695841,17-03-2003,"Plot No. 147, Gachibowli, Hyderabad, India"
2111cs030439,Neha Rao,aiml,Neha123,2111cs030439@mallareddyuniversity.ac.in,Female,8250143769,10-02-2003,"Plot No. 369, Kondapur, Hyderabad, India"
2111cs030440,Ashish Sharma,aiml,Ashish123,2111cs030440@mallareddyuniversity.ac.in,Male,9657314028,25-08-2003,"Plot No. 258, Madhapur, Hyderabad, India"
